REPLACE INTO trakObjects (host,dp,name,type) VALUES ('org-trk1','z1100_fault','z1100_fault','fault') ;
REPLACE INTO webObjects (name,area,type) VALUES ('z1100_fault','main','fault') ;
INSERT IGNORE INTO events (code,description) VALUES ('z1100_fault','z1100_fault') ;
REPLACE INTO trakObjects (host,dp,name,type) VALUES ('org-trk1','z1110_fault','z1110_fault','fault') ;
REPLACE INTO webObjects (name,area,type) VALUES ('z1110_fault','main','fault') ;
INSERT IGNORE INTO events (code,description) VALUES ('z1110_fault','z1110_fault') ;
REPLACE INTO trakObjects (host,dp,name,type) VALUES ('org-trk1','z1030_fault','z1030_fault','fault') ;
REPLACE INTO webObjects (name,area,type) VALUES ('z1030_fault','main','fault') ;
INSERT IGNORE INTO events (code,description) VALUES ('z1030_fault','z1030_fault') ;
REPLACE INTO trakObjects (host,dp,name,type) VALUES ('org-trk1','z1050_fault','z1050_fault','fault') ;
REPLACE INTO webObjects (name,area,type) VALUES ('z1050_fault','main','fault') ;
INSERT IGNORE INTO events (code,description) VALUES ('z1050_fault','z1050_fault') ;
REPLACE INTO trakObjects (host,dp,name,type) VALUES ('org-trk1','z1070_fault','z1070_fault','fault') ;
REPLACE INTO webObjects (name,area,type) VALUES ('z1070_fault','main','fault') ;
INSERT IGNORE INTO events (code,description) VALUES ('z1070_fault','z1070_fault') ;
REPLACE INTO trakObjects (host,dp,name,type) VALUES ('org-trk1','z1020c-2_fault','z1020c-2_fault','fault') ;
REPLACE INTO webObjects (name,area,type) VALUES ('z1020c-2_fault','main','fault') ;
INSERT IGNORE INTO events (code,description) VALUES ('z1020c-2_fault','z1020c-2_fault') ;
REPLACE INTO trakObjects (host,dp,name,type) VALUES ('org-trk1','z1020c-3_fault','z1020c-3_fault','fault') ;
REPLACE INTO webObjects (name,area,type) VALUES ('z1020c-3_fault','main','fault') ;
INSERT IGNORE INTO events (code,description) VALUES ('z1020c-3_fault','z1020c-3_fault') ;
REPLACE INTO trakObjects (host,dp,name,type) VALUES ('org-trk1','z1020c-4_fault','z1020c-4_fault','fault') ;
REPLACE INTO webObjects (name,area,type) VALUES ('z1020c-4_fault','main','fault') ;
INSERT IGNORE INTO events (code,description) VALUES ('z1020c-4_fault','z1020c-4_fault') ;
REPLACE INTO trakObjects (host,dp,name,type) VALUES ('org-trk1','z1020d-1_fault','z1020d-1_fault','fault') ;
REPLACE INTO webObjects (name,area,type) VALUES ('z1020d-1_fault','main','fault') ;
INSERT IGNORE INTO events (code,description) VALUES ('z1020d-1_fault','z1020d-1_fault') ;
REPLACE INTO trakObjects (host,dp,name,type) VALUES ('org-trk1','z1020d-2_fault','z1020d-2_fault','fault') ;
REPLACE INTO webObjects (name,area,type) VALUES ('z1020d-2_fault','main','fault') ;
INSERT IGNORE INTO events (code,description) VALUES ('z1020d-2_fault','z1020d-2_fault') ;
REPLACE INTO trakObjects (host,dp,name,type) VALUES ('org-trk1','z1020d-3_fault','z1020d-3_fault','fault') ;
REPLACE INTO webObjects (name,area,type) VALUES ('z1020d-3_fault','main','fault') ;
INSERT IGNORE INTO events (code,description) VALUES ('z1020d-3_fault','z1020d-3_fault') ;
REPLACE INTO trakObjects (host,dp,name,type) VALUES ('org-trk1','z1020d-4_fault','z1020d-4_fault','fault') ;
REPLACE INTO webObjects (name,area,type) VALUES ('z1020d-4_fault','main','fault') ;
INSERT IGNORE INTO events (code,description) VALUES ('z1020d-4_fault','z1020d-4_fault') ;
REPLACE INTO trakObjects (host,dp,name,type) VALUES ('org-trk1','z1020e-1_fault','z1020e-1_fault','fault') ;
REPLACE INTO webObjects (name,area,type) VALUES ('z1020e-1_fault','main','fault') ;
INSERT IGNORE INTO events (code,description) VALUES ('z1020e-1_fault','z1020e-1_fault') ;
REPLACE INTO trakObjects (host,dp,name,type) VALUES ('org-trk1','z1020f-1_fault','z1020f-1_fault','fault') ;
REPLACE INTO webObjects (name,area,type) VALUES ('z1020f-1_fault','main','fault') ;
INSERT IGNORE INTO events (code,description) VALUES ('z1020f-1_fault','z1020f-1_fault') ;
REPLACE INTO trakObjects (host,dp,name,type) VALUES ('org-trk1','z1020f-2_fault','z1020f-2_fault','fault') ;
REPLACE INTO webObjects (name,area,type) VALUES ('z1020f-2_fault','main','fault') ;
INSERT IGNORE INTO events (code,description) VALUES ('z1020f-2_fault','z1020f-2_fault') ;
REPLACE INTO trakObjects (host,dp,name,type) VALUES ('org-trk1','z1020f-3_fault','z1020f-3_fault','fault') ;
REPLACE INTO webObjects (name,area,type) VALUES ('z1020f-3_fault','main','fault') ;
INSERT IGNORE INTO events (code,description) VALUES ('z1020f-3_fault','z1020f-3_fault') ;
REPLACE INTO trakObjects (host,dp,name,type) VALUES ('org-trk1','z1020f-4_fault','z1020f-4_fault','fault') ;
REPLACE INTO webObjects (name,area,type) VALUES ('z1020f-4_fault','main','fault') ;
INSERT IGNORE INTO events (code,description) VALUES ('z1020f-4_fault','z1020f-4_fault') ;
REPLACE INTO trakObjects (host,dp,name,type) VALUES ('org-trk1','eastPrn1_fault','eastPrn1_fault','fault') ;
REPLACE INTO webObjects (name,area,type) VALUES ('eastPrn1_fault','main','fault') ;
INSERT IGNORE INTO events (code,description) VALUES ('eastPrn1_fault','eastPrn1_fault') ;
REPLACE INTO trakObjects (host,dp,name,type) VALUES ('org-trk1','eastPrn2_fault','eastPrn2_fault','fault') ;
REPLACE INTO webObjects (name,area,type) VALUES ('eastPrn2_fault','main','fault') ;
INSERT IGNORE INTO events (code,description) VALUES ('eastPrn2_fault','eastPrn2_fault') ;
REPLACE INTO trakObjects (host,dp,name,type) VALUES ('org-trk1','cp1_fire','cp1_fire','fault') ;
REPLACE INTO webObjects (name,area,type) VALUES ('cp1_fire','main','fault') ;
INSERT IGNORE INTO events (code,description) VALUES ('cp1_fire','cp1_fire') ;
REPLACE INTO trakObjects (host,dp,name,type) VALUES ('org-trk1','cp1-1ss','cp1-1ss','fault') ;
REPLACE INTO webObjects (name,area,type) VALUES ('cp1-1ss','main','fault') ;
INSERT IGNORE INTO events (code,description) VALUES ('cp1-1ss','cp1-1ss') ;
REPLACE INTO trakObjects (host,dp,name,type) VALUES ('org-trk1','cr-1','cr-1','fault') ;
REPLACE INTO webObjects (name,area,type) VALUES ('cr-1','main','fault') ;
INSERT IGNORE INTO events (code,description) VALUES ('cr-1','cr-1') ;
REPLACE INTO trakObjects (host,dp,name,type) VALUES ('org-trk1','mcr-1','mcr-1','fault') ;
REPLACE INTO webObjects (name,area,type) VALUES ('mcr-1','main','fault') ;
INSERT IGNORE INTO events (code,description) VALUES ('mcr-1','mcr-1') ;
REPLACE INTO trakObjects (host,dp,name,type) VALUES ('org-trk1','cr-es1a','cr-es1a','fault') ;
REPLACE INTO webObjects (name,area,type) VALUES ('cr-es1a','main','fault') ;
INSERT IGNORE INTO events (code,description) VALUES ('cr-es1a','cr-es1a') ;
REPLACE INTO trakObjects (host,dp,name,type) VALUES ('org-trk1','cr-es1b','cr-es1b','fault') ;
REPLACE INTO webObjects (name,area,type) VALUES ('cr-es1b','main','fault') ;
INSERT IGNORE INTO events (code,description) VALUES ('cr-es1b','cr-es1b') ;
REPLACE INTO trakObjects (host,dp,name,type) VALUES ('org-trk1','pcs1030-1','pcs1030-1','fault') ;
REPLACE INTO webObjects (name,area,type) VALUES ('pcs1030-1','main','fault') ;
INSERT IGNORE INTO events (code,description) VALUES ('pcs1030-1','pcs1030-1') ;
REPLACE INTO trakObjects (host,dp,name,type) VALUES ('org-trk1','pcs1070-1','pcs1070-1','fault') ;
REPLACE INTO webObjects (name,area,type) VALUES ('pcs1070-1','main','fault') ;
INSERT IGNORE INTO events (code,description) VALUES ('pcs1070-1','pcs1070-1') ;
REPLACE INTO trakObjects (host,dp,name,type) VALUES ('org-trk1','pcs1100-1','pcs1100-1','fault') ;
REPLACE INTO webObjects (name,area,type) VALUES ('pcs1100-1','main','fault') ;
INSERT IGNORE INTO events (code,description) VALUES ('pcs1100-1','pcs1100-1') ;
REPLACE INTO trakObjects (host,dp,name,type) VALUES ('org-trk1','pcs1100-2','pcs1100-2','fault') ;
REPLACE INTO webObjects (name,area,type) VALUES ('pcs1100-2','main','fault') ;
INSERT IGNORE INTO events (code,description) VALUES ('pcs1100-2','pcs1100-2') ;
REPLACE INTO trakObjects (host,dp,name,type) VALUES ('org-trk1','cp1-1pb','cp1-1pb','fault') ;
REPLACE INTO webObjects (name,area,type) VALUES ('cp1-1pb','main','fault') ;
INSERT IGNORE INTO events (code,description) VALUES ('cp1-1pb','cp1-1pb') ;
REPLACE INTO trakObjects (host,dp,name,type) VALUES ('org-trk1','cp6int-1','cp6int-1','fault') ;
REPLACE INTO webObjects (name,area,type) VALUES ('cp6int-1','main','fault') ;
INSERT IGNORE INTO events (code,description) VALUES ('cp6int-1','cp6int-1') ;
REPLACE INTO trakObjects (host,dp,name,type) VALUES ('org-trk1','ethsw1','ethsw1','fault') ;
REPLACE INTO webObjects (name,area,type) VALUES ('ethsw1','main','fault') ;
INSERT IGNORE INTO events (code,description) VALUES ('ethsw1','ethsw1') ;
REPLACE INTO trakObjects (host,dp,name,type) VALUES ('org-trk1','ethsw2','ethsw2','fault') ;
REPLACE INTO webObjects (name,area,type) VALUES ('ethsw2','main','fault') ;
INSERT IGNORE INTO events (code,description) VALUES ('ethsw2','ethsw2') ;
REPLACE INTO trakObjects (host,dp,name,type) VALUES ('org-trk1','glsw1010b-1','glsw1010b-1','fault') ;
REPLACE INTO webObjects (name,area,type) VALUES ('glsw1010b-1','main','fault') ;
INSERT IGNORE INTO events (code,description) VALUES ('glsw1010b-1','glsw1010b-1') ;
